"pais","anio","verdadera","fmi","ocde","ce","bc","inflacion","tasa"
"P01",2011,-1.87,-4.84,-0.56,-2.24,-2.26,5.6,8.16
"P01",2012,-1.39,-4.78,-1.54,-0.21,-3.22,2.63,3.51
"P01",2013,-1.1,-1.71,-1.85,-1.03,-0.79,3.6,6.27
"P01",2014,1.53,0.64,1.68,2.9,2.7,1.88,4.97
"P01",2015,3.7,4.67,3.65,3.55,4.2,6.88,13.53
"P01",2016,1.51,2.15,3.59,3.4,-0.38,4.51,7.66
"P01",2017,-2.17,-4.08,-3.31,-1.06,-2,6.01,7.91
"P01",2018,-1.26,0.81,-1.76,-1.09,-2.67,2.97,5.4
"P01",2019,-3.17,-3.45,-2.41,-4.54,-2.5,4.52,4.61
"P01",2020,-1.5,-2.5,-0.06,-1,-2.32,3.35,4.74
"P02",2011,-2.82,-4.52,-2.58,-2.81,-3.72,4.07,5.6
"P02",2012,-1.05,0.78,-1.11,-2.41,-1.61,3.8,4.39
"P02",2013,1.15,0.29,0.05,-1.13,2.04,3.43,6.55
"P02",2014,2.48,0.97,3.02,2.58,4.07,4.81,9.86
"P02",2015,-0.35,0.76,-0.46,3.72,1.07,5.23,8.39
"P02",2016,-2.56,-1.09,-1.2,2.02,-1.66,2.99,2.24
"P02",2017,2.07,1.18,3.79,0.32,2.15,4.91,9.45
"P02",2018,0.17,-1.73,2.3,3.07,-3.49,5.13,7.61
"P02",2019,0.14,0.29,-1.35,-0.53,1.68,3.69,6.85
"P02",2020,4.43,4.91,4.85,5.97,4.46,3.8,9.41
"P03",2011,2.38,2.92,0.24,2.81,4.33,3.61,5.84
"P03",2012,0.46,0.45,1.01,0.67,2.24,3.37,6.23
"P03",2013,0.52,2.52,-1.6,1.36,-0.46,3.39,6.07
"P03",2014,-2.44,-3.39,-2.97,-1.18,-4.35,5.67,7.27
"P03",2015,2.39,1.98,3.43,7.9,2.26,3.89,7.17
"P03",2016,2.94,2.81,3.61,2.56,1.68,1.21,3.48
"P03",2017,-2.51,-4.15,-4.84,-3.32,-3.83,2.7,2.86
"P03",2018,0.58,2.22,1.74,2.03,1.29,4.43,8.43
"P03",2019,0.48,-0.4,-0.61,0.03,1.14,6.1,9
"P03",2020,1.33,-2.67,2.13,1.53,1.75,5.49,9.31
"P04",2011,3.89,4.44,2.68,3.27,5.57,6.63,12.34
"P04",2012,2.46,4.32,-0.43,3.84,1.06,6.22,10.63
"P04",2013,-0.24,0.07,0.71,-1.31,1.11,4.59,5.79
"P04",2014,1.09,-1.87,4.64,0.03,0.89,4.99,8.99
"P04",2015,1.43,1.97,2.45,1.53,-0.05,2.4,5.1
"P04",2016,-1.52,-1.2,-4.05,-1.56,-0.42,1.65,3.16
"P04",2017,1.23,3.45,-0.14,-0.56,0.39,1.12,3.08
"P04",2018,1.11,1.22,-1.05,1.35,2.13,2.49,3.58
"P04",2019,0.49,-2.12,0.14,2.61,0.39,4.72,8.28
"P04",2020,-0.06,2.28,-2.39,0.44,0.51,5.38,8.38
"P05",2011,1.32,2.16,0.32,5.14,0.31,4.1,6.87
"P05",2012,-1,0.33,-0.42,-3.21,-0.67,3.18,5.08
"P05",2013,-0.53,-1.69,-0.34,0.44,-1.69,2.72,5.02
"P05",2014,0.98,-1.67,0.24,0.82,0.17,2.67,4.08
"P05",2015,-0.07,-3.76,-0.75,3.53,1.29,4.06,6.47
"P05",2016,1.45,-0.88,1.5,1.29,0.66,2.77,5.65
"P05",2017,1.55,3.73,0.87,0.82,1.04,5.52,10.04
"P05",2018,5.54,5.36,5.61,4.51,6.57,3.4,8.22
"P05",2019,1.38,0.91,-0.01,-1.24,2.09,2.58,4.48
"P05",2020,1.46,0.82,1.02,3.27,0.2,4.79,6.75
"P06",2011,-2.3,-4.37,-3.37,-2.33,1.68,3.64,4.24
"P06",2012,-2.38,-1.42,-2.54,-4.25,-1.98,4.66,6.17
"P06",2013,1.28,2.66,2.04,1.63,0.84,6.23,9.55
"P06",2014,-2.85,-2.99,-0.5,-1.68,-3.54,3.56,3.78
"P06",2015,-2.65,-3.7,-3.31,-4.8,-3.59,2.76,2.72
"P06",2016,-0.36,0.34,-3.09,1.84,0.26,3.12,5.27
"P06",2017,-1.43,-1.78,1.82,0.81,-1.72,4.89,6.63
"P06",2018,-3.39,-2.16,-5.17,-3.01,-4.14,7.47,10.12
"P06",2019,-0.99,1.87,-2.24,0.27,-0.28,5.39,7.16
"P06",2020,2.3,2.41,1.14,2.65,2,3.81,6.9
"P07",2011,0.92,1.74,1.09,0.98,1.52,2.38,4.61
"P07",2012,-0.89,-1.42,-1.29,0.41,0.55,0.33,1.04
"P07",2013,-2.2,-5.41,-2.36,-3.06,-5.15,3.45,4.52
"P07",2014,-2.77,-0.23,-2.1,-0.14,-0.95,3.95,5.33
"P07",2015,-1.22,-0.18,-2.95,-2.68,-2.54,1.16,2.68
"P07",2016,-0.07,-1.9,2.83,1.2,1.98,4.42,7.43
"P07",2017,-0.55,1.46,0.71,-2.08,0.66,2.92,4.51
"P07",2018,1.66,2.2,-0.62,0.76,0.19,6.45,12.02
"P07",2019,3.61,1.48,3.66,3.88,3.35,2.96,7
"P07",2020,-0.3,-0.63,-0.63,-1.03,1.8,3.61,6.61
"P08",2011,-0.13,1.05,2.07,0.64,-2.1,1.33,2.81
"P08",2012,-1.54,-3.43,-7.25,-3.08,1.19,4.83,7.45
"P08",2013,-3.37,-1.98,-2.73,-2.07,-4.76,3.17,3.32
"P08",2014,2.93,3.06,5.5,5.71,2.04,4.69,8.78
"P08",2015,2.37,4.26,1.19,-0.27,2.28,5.24,8.56
"P08",2016,0.36,-1.11,2.01,-2.68,1.31,3.18,5.23
"P08",2017,-0.21,-1,-0.38,1.25,-0.11,4.75,8.09
"P08",2018,-3.8,-4.71,-2.39,-2.6,-5.63,1.99,0.9
"P08",2019,3.05,3.44,2.07,0.31,3.52,1.89,4.91
"P08",2020,-1.58,-2.52,-2.01,-4.57,-1.49,2.66,4.84
"P09",2011,-5.14,-4.43,-3.95,-5.73,-8.01,7.4,8.82
"P09",2012,1.24,1.42,2.61,1.7,-0.5,3.56,6.05
"P09",2013,0.46,-2.21,0.83,-0.36,2.09,5.45,8.51
"P09",2014,-0.29,0.52,0.17,-1.28,0.51,4.71,9.12
"P09",2015,0.86,2.43,1.31,2.22,0.36,1.81,3.64
"P09",2016,1.42,1.97,2.47,2.3,0.07,1.52,3.44
"P09",2017,-1.88,-1.22,-0.03,-2.02,-2.37,3.86,4.67
"P09",2018,4.07,5.3,3.92,3.35,5.15,2.75,6.15
"P09",2019,-2.04,-2.77,-0.34,-2.72,-1.37,5.29,6.87
"P09",2020,3.24,5,4.88,6.06,2.85,3.66,7.57
"P10",2011,0.57,0.31,2,-0.3,2.03,3.55,6.33
"P10",2012,-1.31,-0.3,-2.72,-1.45,-1.59,3.66,6.29
"P10",2013,1,1.76,0.51,-1.59,0.44,4.38,7.7
"P10",2014,-1.4,-0.59,-1.55,-3.14,-4.6,2.32,4.58
"P10",2015,-1.91,0.76,-4.25,-2.19,-3.21,7.19,9.99
"P10",2016,0.46,1.3,1.74,-1.68,0.63,5.24,9
"P10",2017,-1.32,2.22,-2.23,-2.06,-0.96,3.87,5.03
"P10",2018,-1.14,-0.62,-2.05,-2.16,0.29,4.81,6.79
"P10",2019,-2.09,-2.5,-3.11,-2.63,-3.95,4.32,6.44
"P10",2020,-3,-1.6,-3.49,-2.47,-1.57,3.46,3.73
"P11",2011,2.62,4.35,5.21,2.72,1.63,2.92,5.58
"P11",2012,1.06,-0.88,1.2,2.95,0.94,3.43,6.14
"P11",2013,1.42,4.17,1.04,1.78,0.25,3.5,7.14
"P11",2014,2.1,1.19,1.11,2.92,1.65,4.75,8.4
"P11",2015,-1.11,-1.57,-1.24,1.23,-1.21,0.6,1.54
"P11",2016,-0.52,-1.13,2.08,0.62,0.26,3.26,4.38
"P11",2017,-4.52,-5.1,-2.28,-5.68,-3.88,3.42,4.47
"P11",2018,0.03,-1.14,0.03,-0.05,3.37,2.92,5.23
"P11",2019,-0.27,1.17,-0.39,-1.89,-0.25,7.55,11.83
"P11",2020,2.09,3.67,0.33,0.36,2.48,5.02,8.91
"P12",2011,2.86,2.78,2.25,3.71,3.82,2.92,7.19
"P12",2012,0.37,0.66,0.98,1.51,2.97,3.46,5.73
"P12",2013,1.21,3.58,2.52,-0.04,1.97,3.36,6.56
"P12",2014,-2.08,-1.42,1.69,-3.28,-4.98,4.26,6.09
"P12",2015,-0.79,-0.67,0.95,-0.79,-0.15,6.92,10.99
"P12",2016,1.96,3.67,2.36,2.91,4.9,3.65,7.44
"P12",2017,-0.03,-0.41,1.04,0.12,-3.31,4.61,6.67
"P12",2018,-1.78,-0.92,-3.5,-4.98,-1.3,5.15,7.04
"P12",2019,2.15,1.61,2.29,4.55,3.33,3.42,6.48
"P12",2020,-0.29,-0.49,-1.49,-0.13,1.02,2.21,3.02
"P13",2011,0.37,0.49,-0.27,1.46,0.67,2.64,4.78
"P13",2012,-1.18,-0.43,-3.42,-0.17,-1.09,4.04,6.76
"P13",2013,-2.09,-2.02,0.02,-0.53,-6.64,3.09,5.17
"P13",2014,2.62,3.91,4.73,4.06,4.69,5.05,9.62
"P13",2015,-0.66,-0.72,-0.67,-0.55,-3.6,4.05,5.68
"P13",2016,0.34,-0.86,-0.52,-0.34,1.04,5.87,9.55
"P13",2017,3.17,3.12,-1.27,3.11,1.32,5.66,10.61
"P13",2018,-1.02,0.21,1.94,-0.73,-0.03,1.29,2.55
"P13",2019,-1.03,-1.06,-0.57,-0.48,-2.64,4,5.78
"P13",2020,-4,-4.96,-3.59,-6.12,-7.16,2.79,2.34
"P14",2011,0.02,0.06,-1.77,0.04,-1.25,4.68,7.23
"P14",2012,-1.12,-3.18,-2.7,0.46,-2.27,4.96,7.68
"P14",2013,-0.42,0.88,0.42,-1.32,-3.72,4.42,7.59
"P14",2014,-2.51,-0.66,-1.9,-0.67,-1.79,3.68,4.61
"P14",2015,-0.51,-3.09,0.27,-1.61,0.82,1.57,2.29
"P14",2016,1.5,-0.92,-0.21,1.06,1.12,4.58,7.88
"P14",2017,0.45,-2.05,-0.39,-0.36,0.72,1.91,3.41
"P14",2018,-2.07,-4.01,-0.37,-3.95,-0.08,3.87,4.33
"P14",2019,-0.01,-0.44,0.1,-0.69,-0.93,4.45,4.84
"P14",2020,1.36,-0.09,3.82,-0.72,0.67,4.52,7.57
"P15",2011,-1.32,-3.71,-0.33,-1.09,-2.48,4.72,5.62
"P15",2012,1.33,-0.17,2.68,3.62,2.73,2.86,5.37
"P15",2013,-0.94,-2.46,-2.7,-2.21,-0.58,1.6,3.4
"P15",2014,1.09,2.06,3.24,0.81,-0.69,1.51,3.96
"P15",2015,0.45,2.32,0.23,1.34,-1.04,2.48,3.39
"P15",2016,-1.33,-1.48,-2.73,0.01,0.75,4.35,7.65
"P15",2017,2.06,1.44,1.89,-0.96,2.93,3.08,7.53
"P15",2018,-0.57,-1.75,-0.14,-1.83,-0.82,7.64,12.12
"P15",2019,4.45,2.92,4.89,3.08,3.98,6.18,12.05
"P15",2020,1.03,0.54,-0.8,0.97,1.02,3.57,6.92
"P16",2011,-1.21,0.41,-0.71,0.01,-1.14,3.42,4.09
"P16",2012,-1.52,-2,-2.39,1.96,-2.72,4.04,5.29
"P16",2013,3.39,1.5,4.16,0.73,2.36,3.83,7.84
"P16",2014,-0.25,-0.59,0.76,-1.25,0.79,4.65,8.2
"P16",2015,1.95,2.39,-0.11,0.18,2.37,2.66,5.14
"P16",2016,1.02,1.47,2.21,-0.54,1.88,3.45,6.59
"P16",2017,0.78,-0.47,1.52,0.26,2.93,4.3,7.64
"P16",2018,0.62,1.34,0.9,-2.07,1.68,5.69,9.03
"P16",2019,-1.1,-1.91,0.92,0.68,-2.03,3.73,5.62
"P16",2020,-4.85,-4.44,-7.08,-3.96,-3.7,4.45,5.3
"P17",2011,-1.37,-1.13,-0.65,-1.12,-0.95,3.69,6.32
"P17",2012,-0.27,-0.54,0.42,-1.04,-0.24,2.96,4.6
"P17",2013,0.09,-1.02,0.58,2.2,0.61,3.78,6.62
"P17",2014,0.07,0.01,1.13,0.01,-0.62,7.54,11.11
"P17",2015,-0.38,-1.22,-1.29,-0.92,-0.74,4.43,7.07
"P17",2016,1.29,-0.94,3.32,0.77,0.74,4,7.01
"P17",2017,0.36,-0.94,1.91,-0.98,-1.44,1.77,4.72
"P17",2018,-1.56,-2.24,-1.36,-3.32,-2.24,6.78,9.55
"P17",2019,0.98,0.35,0.22,1.57,-1.1,1.92,3.51
"P17",2020,0.4,3.98,0.02,-0.75,0.52,5.71,9.69
"P18",2011,-0.31,2.15,0.72,-2.12,0.59,5.23,7.93
"P18",2012,-0.8,-0.56,-0.22,-3.14,-1.72,4.94,5.56
"P18",2013,-0.84,0.09,0.02,-1.2,-2.37,4.09,4.59
"P18",2014,1.95,1.98,1.01,2.68,0.22,3.95,7.53
"P18",2015,-0.99,-0.22,-1.96,-1.05,-3.12,5.04,7.49
"P18",2016,-1.65,-1.1,-1.86,-1.29,-4.02,4.26,6.31
"P18",2017,0.29,0.38,-0.23,-0.02,0.62,3.51,4.33
"P18",2018,1.24,-0.05,0.58,3.22,0.01,4.2,6.57
"P18",2019,-2.76,-3.6,-2,-0.9,-5.03,7.57,10.97
"P18",2020,-1.4,-0.49,-2.97,-0.07,-1.53,2.91,4.06
"P19",2011,2.02,1.61,4.29,4.34,4.09,4.85,9.5
"P19",2012,-0.34,1,-2.59,-2.35,0.72,2.81,3.36
"P19",2013,0.26,-0.33,1.18,-2.18,1.37,4.56,7.99
"P19",2014,-2.19,-1.6,-2.7,-3.52,-0.35,4.26,5.54
"P19",2015,-1.39,-1.84,-0.12,-5.43,-0.71,4.13,5.97
"P19",2016,-1.41,-0.75,0.95,-1.45,-2.68,5.93,8.01
"P19",2017,0.87,-0.99,1.36,3.44,-0.64,3.94,7.11
"P19",2018,-1.68,-1.84,-3.44,0.21,-0.44,4.79,7.04
"P19",2019,-0.93,-1.52,-0.14,-2.77,-0.11,5.64,8.15
"P19",2020,-4.83,-5.27,-4.18,-3.48,-4.16,5.76,6.87
"P20",2011,5.68,8.99,9.14,4.36,3.84,6.63,13.52
"P20",2012,1.17,1.21,3.12,2.86,0.32,4.85,9.24
"P20",2013,0.23,-0.39,-0.83,0.71,-0.74,4.06,6.7
"P20",2014,-4.29,-7.58,-5.72,-5.31,-5.92,4.71,5.7
"P20",2015,0.89,0.44,-0.23,0.85,0.95,7.36,12.78
"P20",2016,1.21,2.35,2.87,-0.64,0.47,3.55,6.39
"P20",2017,-2.57,0.07,-2.64,-5.03,-2.71,2.09,1.88
"P20",2018,0.42,-0.08,0.89,1.96,-0.82,3.29,5.41
"P20",2019,0.31,1.24,-0.76,0.94,-0.51,6.39,10.05
"P20",2020,0.52,1.47,1.36,-1.7,-0.43,6.97,10.63
"P21",2011,-0.59,-1.94,-1.52,-4.12,0.41,4.99,6.74
"P21",2012,0.73,-0.42,-0.86,1.32,0.34,3.74,5.56
"P21",2013,-0.18,-1.2,0.54,-0.33,-3.23,6.02,8.73
"P21",2014,-1,1.58,-1.82,-2.25,-1.02,4.12,6.33
"P21",2015,1.7,2.88,4.1,3.05,0.83,5.11,8.73
"P21",2016,0.42,0.06,-0.14,-0.66,-0.79,5.46,8.89
"P21",2017,-0.3,2.23,0.76,-1.25,0.67,-0.07,1.53
"P21",2018,-1.61,-0.41,-4.56,-3.38,-2.35,5.12,8.64
"P21",2019,-1.86,-3.11,1.06,-5.29,-1.35,3.31,2.59
"P21",2020,0.03,1.42,-0.15,1.79,-0.01,2.3,3.4
"P22",2011,0.39,0.54,-0.69,-0.55,1.2,7.42,11.23
"P22",2012,1.62,0.67,2.5,1.06,2.01,3.18,7.06
"P22",2013,0.22,2.26,-2.59,-3.89,-1.23,2.44,3
"P22",2014,-2,-1.93,-2.1,-3.07,-2.68,2.36,2.94
"P22",2015,-3.89,-4.53,-4.14,-7.03,-1.95,4.18,3.27
"P22",2016,-1.34,-1.42,-2.51,-0.73,-1.84,3.85,6.59
"P22",2017,-0.59,-0.99,0.08,0.33,-1.85,4.09,6.12
"P22",2018,-3.01,-0.34,-4.68,-3,-4.32,3.68,3.36
"P22",2019,3.19,1.41,3.89,4.85,1.86,3.4,7.7
"P22",2020,0.28,0.65,1.5,-1.02,-0.36,2.74,3.7
"P23",2011,1.2,0.3,1.71,1.59,3.2,4.43,7.14
"P23",2012,-2.18,-1.19,1.14,-2.84,-1.92,4.47,6.97
"P23",2013,2.32,3.12,1.94,3.37,1.21,2.1,3.99
"P23",2014,0.53,1.6,-0.54,1.09,1.65,1.48,3.79
"P23",2015,0.92,-0.78,1.71,0.05,1.71,3.7,7.2
"P23",2016,0.25,1.37,-1.16,2.25,-1.98,4.18,6.74
"P23",2017,2.74,3.26,-0.53,1.03,2.84,4.26,8.25
"P23",2018,0.37,0.1,2.21,0.6,-2.78,7.4,11.55
"P23",2019,-0.22,-1.96,0.74,1.59,0.4,3.18,4.68
"P23",2020,-2.17,-3.76,-2.9,-0.99,-2.27,3.9,5.95
"P24",2011,-0.75,-0.86,-0.84,-1.03,1.09,5.84,9.21
"P24",2012,3.01,1.93,4.9,4.36,4.88,3.63,6.45
"P24",2013,-1.95,-0.25,-2.42,-1.61,-4.57,5.03,7.03
"P24",2014,-0.6,1.07,-0.04,-1.67,0.8,2.14,3.13
"P24",2015,-0.57,-0.14,2.48,0.05,-2.28,4.21,6.11
"P24",2016,1.09,1.67,-0.56,1.65,0.06,5.34,9.56
"P24",2017,-0.33,-1.33,-1.79,-1.17,2.81,3.35,4.64
"P24",2018,-1.38,-1.4,-2.66,-0.99,0.39,3.9,6.51
"P24",2019,-1.17,-0.65,-0.91,0.37,-5.54,2.91,4.35
"P24",2020,-1.92,-1.06,-0.58,-0.18,-3.51,6.28,9.6
"P25",2011,-1.62,-0.92,-2.65,-1.75,-4.35,4.07,6.57
"P25",2012,1.98,-1.03,0.52,3.18,2.78,3.34,6.94
"P25",2013,5.05,1.31,6.07,5.32,4.09,1.89,5.89
"P25",2014,-4.94,-4.61,-2.29,-4.33,-3.84,1.9,1.36
"P25",2015,-2.45,-0.57,-3.49,-1.4,-1.97,2.77,3.59
"P25",2016,0.48,2.95,0.07,0.07,3.08,3.76,6.7
"P25",2017,0.73,0.74,0.02,3.48,0.92,7.76,13.97
"P25",2018,2.33,2.8,1.11,3.01,3.42,4.63,8.59
"P25",2019,0.58,1,-0.74,0.65,-0.24,3.19,4.9
"P25",2020,-0.19,-3.35,-0.09,-3.01,1.49,2.52,3.86
"P26",2011,-0.23,-0.39,0.18,0.41,0.68,2.48,4.84
"P26",2012,0.66,0.65,1.34,0.08,0.69,0.88,1.25
"P26",2013,3.51,3.29,3.05,4.37,5.71,3.22,7.22
"P26",2014,-1.12,-0.28,-0.94,-1.7,-0.6,3.22,6.45
"P26",2015,0.91,-0.08,3.26,-0.81,-0.48,2.34,3.69
"P26",2016,1.15,-0.5,0.38,-0.13,1.22,2.53,5.56
"P26",2017,-1.73,-1.61,-4.54,-1.76,-2.79,7.29,10.29
"P26",2018,-0.56,-1.11,-1.25,1.05,-2.39,6.31,10.25
"P26",2019,0.01,-2.2,-0.13,0.61,0.27,4.55,8.09
"P26",2020,-0.04,1.31,-2.26,0.61,-1.43,3.02,6.14
"P27",2011,2.19,3.37,2.96,3.25,0.15,6.66,12.03
"P27",2012,3.57,5.43,2.36,3.76,2.86,5.85,11.35
"P27",2013,-0.45,-0.79,1.21,-0.63,-1.03,3.74,4.95
"P27",2014,1.29,1.53,-1,0.48,-0.48,5.45,8.67
"P27",2015,-1.35,-2.22,0.11,-0.62,-4.13,4.21,6.29
"P27",2016,-0.64,-0.88,-2.53,-3.41,-1.07,2.25,2.49
"P27",2017,-0.09,-0.05,-2.17,1.53,3.16,5.04,6.75
"P27",2018,1.09,4.43,-0.24,-0.32,0.04,5.62,7.94
"P27",2019,0.07,0.55,-0.89,1.88,1.28,6.28,9.95
"P27",2020,3.29,2.75,5.33,1.36,0.31,5.67,10.22
"P28",2011,1.58,1.53,-0.32,2.38,3.52,5.92,9.41
"P28",2012,1.53,0.94,1.01,3.76,2.98,3.87,6.32
"P28",2013,-1.9,-2.69,-1.65,-0.92,-1.68,7.01,10.51
"P28",2014,-1.4,-0.58,-1.22,-0.93,-3.26,3.97,6.06
"P28",2015,-0.74,-4.15,-0.38,-2.51,0.76,3.66,5.51
"P28",2016,0.6,1.61,0.32,0.57,1.2,4.44,8.03
"P28",2017,0.5,0.37,0.61,3.92,0.74,1.33,3.72
"P28",2018,-1.54,-0.15,-3.04,-0.54,-3.92,5.54,7.81
"P28",2019,2.86,4.69,6.45,2.38,4.37,5.25,10.37
"P28",2020,1.61,1.83,1.99,4.45,2.85,7.22,11.87
"P29",2011,-0.19,-0.04,-5.46,-2.17,-2.69,6.5,11.1
"P29",2012,1.9,-1.03,3.31,1.64,3.14,5.9,10.77
"P29",2013,1.27,4.78,0.21,-0.86,0.99,6.42,10.58
"P29",2014,1.64,4.83,2.45,0.75,4.59,4.43,8.57
"P29",2015,2.2,1.28,0.83,2.64,3.98,5.43,9.86
"P29",2016,-4.48,-7.2,-2.02,-3.45,-7.82,3.81,3.79
"P29",2017,-0.04,2.05,0.58,-0.69,1.12,2.46,3.92
"P29",2018,1.85,3.49,-2.19,0.3,3.22,3.36,6.74
"P29",2019,-3.16,-3.24,-4.82,0.36,0.89,4.89,6.61
"P29",2020,2.08,2.61,3.09,2.95,2,1.27,4.39
"P30",2011,0.5,2.52,-0.25,0.01,-0.19,2.93,5.23
"P30",2012,-0.2,2.23,-2.15,1.74,2.02,2.32,3.6
"P30",2013,-0.25,-1.23,-0.94,-0.94,1.81,1.34,0.46
"P30",2014,-1.62,-1.66,-3.2,-0.92,-1.21,3.3,4.74
"P30",2015,0.21,0.82,-0.19,-1.27,-2.46,3.95,6.45
"P30",2016,4.31,1.96,5.11,5.31,6.27,4.18,8.77
"P30",2017,1.68,3.85,4.06,1.87,0.98,2.71,5.5
"P30",2018,-1.28,-2.49,-1.65,-1.41,0.59,4.45,7.22
"P30",2019,-0.92,0.13,-2.39,-1.7,-2.49,-0.8,-1.04
"P30",2020,-3.51,-4.68,-3.67,-2.41,-2.99,2.45,2.03
