"id","x1","x2","x3","x4","x5","x6","y","region"
1,-0.317,-0.906,-0.594,-0.6,-0.4,1.488,-0.562,"Norte"
2,-0.686,-1.289,-0.744,-0.239,-1.602,-0.506,-0.219,"Norte"
3,-0.796,-0.315,0.299,-0.569,1.317,-0.076,0.981,"Norte"
4,0.75,1.08,1.321,1.546,0.342,0.226,-0.045,"Norte"
5,1.645,1.682,2.171,1.155,0.181,-0.066,-0.54,"Norte"
6,1.513,-0.151,0.316,0.218,0.264,-0.648,1.736,"Norte"
7,-1.433,-0.799,-1.286,-0.657,-1.031,-0.482,0.181,"Norte"
8,-0.768,-1.069,0.352,-0.384,-0.795,0.245,-0.447,"Norte"
9,-1.122,-1,-2.133,0.152,-0.495,-1.054,-1.098,"Norte"
10,-0.1,-0.928,-0.629,-0.27,-0.283,-0.113,0.823,"Norte"
11,-1.173,-1.489,-0.805,-0.124,-0.558,0.915,-0.258,"Norte"
12,-0.495,-0.646,-1.448,-1.632,-0.45,-0.866,-0.213,"Norte"
13,0.076,0.815,0.721,0.472,0.321,-0.814,-0.075,"Norte"
14,1.332,1.627,1.717,0.39,0.564,0.337,0.174,"Norte"
15,-0.201,0.428,0.034,-0.07,-0.295,0.554,0.325,"Norte"
16,-0.609,-0.666,-2.194,-0.945,-0.283,0.188,-0.952,"Norte"
17,1.62,0.86,1.265,1.01,0.799,1.281,0.301,"Norte"
18,0.93,-1.394,-0.467,0.311,0.033,-0.76,0.02,"Norte"
19,-0.535,0.673,0.649,-0.486,-0.686,-0.196,-0.064,"Norte"
20,2.16,1.783,2.565,1.199,1.981,1.237,1.997,"Norte"
21,0.216,1.731,-0.061,2.568,0.312,1.04,0.318,"Norte"
22,0.427,0.894,0.541,0.259,0.692,-0.202,0.152,"Norte"
23,-0.614,-0.184,0.387,0.091,0.024,0.166,0.119,"Norte"
24,-1.308,-1.741,-1.385,-0.428,0.063,0.635,-0.573,"Norte"
25,1.491,0.903,0.665,0.151,0.655,0.623,0.397,"Norte"
26,1.591,0.673,0.931,2.006,0.72,0.661,-0.63,"Norte"
27,-2.062,-1.532,-1.355,-0.581,-0.54,-0.107,-0.915,"Norte"
28,0.726,0.515,1.027,0.091,-0.079,-0.644,1.003,"Norte"
29,-0.219,0.454,-0.52,0.043,-0.068,0.146,0.343,"Norte"
30,0.92,0.7,0.462,-0.266,-0.229,-0.085,1.276,"Norte"
31,1.264,2.227,1.518,1.108,2.041,0.968,2.347,"Norte"
32,-0.051,0.425,0.64,1.272,0.762,-0.352,-0.242,"Norte"
33,0.271,0.445,-1.278,-0.805,0.334,-1.168,-0.379,"Norte"
34,1.909,0.357,0.804,0.661,0.539,0.759,0.165,"Norte"
35,1.05,-0.021,0.798,0.742,-0.076,0.431,0.435,"Norte"
36,-1.698,-0.168,0.145,0.7,-0.157,-0.835,-0.306,"Norte"
37,0.005,0.158,0.72,0.37,-0.204,0.413,-0.235,"Norte"
38,-0.364,0.85,-0.525,0.782,-1.05,-0.281,1.271,"Norte"
39,0.082,0.154,0.563,0.258,-0.015,-0.46,1.146,"Norte"
40,-0.961,0.204,-0.148,0.358,-0.441,-0.349,0.88,"Norte"
41,0.195,0.122,0.176,1.357,-0.671,-0.308,1.443,"Norte"
42,-0.218,-0.266,-0.15,0.012,-0.531,-0.388,0.479,"Norte"
43,-0.161,-0.677,0.354,-0.712,0.098,0.707,1.327,"Norte"
44,0.146,0.069,-0.336,0.068,0.998,-0.306,1.81,"Norte"
45,-0.305,0.515,-0.097,0.177,-1.792,-0.05,-0.593,"Norte"
46,0.672,0.265,0.799,0.415,-0.144,-0.479,0.409,"Norte"
47,0.424,0.418,1.007,1.314,-1.007,0.312,1.158,"Norte"
48,2.522,2.629,2.098,2.018,1.243,0.838,1.553,"Norte"
49,0.066,0.836,0.088,0.17,0.683,0.438,0.932,"Norte"
50,0.481,0.082,-0.749,0.381,0,-1.266,1.043,"Norte"
51,-1.464,0.673,-1.377,-0.584,-0.075,-0.589,0.386,"Norte"
52,-1.135,-0.793,-1.056,-0.672,-0.188,-0.557,-0.973,"Norte"
53,0.88,0.335,-0.235,-1.631,-0.6,0.79,0.688,"Norte"
54,-0.341,-1.415,-1.652,-1.513,-0.544,0.519,-2.37,"Norte"
55,-1.455,-1.436,-1.533,-0.542,-0.463,-0.257,1.317,"Norte"
56,-1.255,0.102,0.071,-0.671,-0.403,0.71,-0.162,"Norte"
57,0.658,-0.686,-0.964,-0.531,-0.334,0.004,0.668,"Norte"
58,-2.238,-1.657,-1.27,-1.792,-1.072,-0.829,-0.317,"Norte"
59,-0.945,-0.111,-1.144,-0.598,0.039,0.327,0.68,"Norte"
60,0.57,0.798,0.549,0.985,1.048,1.029,0.936,"Norte"
61,0.481,0.607,0.434,0.188,-0.325,-0.379,1.177,"Norte"
62,-0.559,0.219,0.035,-0.673,0.139,0.449,0.33,"Norte"
63,-1.055,-2.062,-0.922,0.723,0.142,0.748,-0.994,"Norte"
64,-0.978,-0.382,-0.876,-0.849,-0.677,-0.108,-1.539,"Norte"
65,-1.241,-1.016,0.348,-0.066,0.967,-0.549,0.713,"Norte"
66,1.131,0.792,0.24,0.329,0.088,0.13,-0.401,"Norte"
67,0.255,0.264,-0.299,-0.026,0.679,-0.578,-1.097,"Norte"
68,-0.163,0.077,1.476,0.147,0.881,0.173,0.192,"Norte"
69,1.645,1.338,1.645,0.429,-0.917,1.491,0.144,"Norte"
70,-0.269,0.72,0.557,-1.755,-0.569,0.766,0.99,"Norte"
71,0.82,-0.841,0.252,0.579,-0.42,0.179,-1.546,"Norte"
72,-2.976,0.478,-0.239,-0.706,-0.232,0.437,-0.026,"Norte"
73,-1.262,-1.903,-1.547,-1.321,-0.594,-0.627,-0.31,"Norte"
74,2.349,0.816,0.998,1.375,-0.008,0.342,-0.672,"Norte"
75,0.596,0.912,0.164,1.739,1.261,0.505,0.255,"Norte"
76,0.823,0.522,-0.033,-0.137,1.129,-0.451,-0.509,"Norte"
77,-0.163,-0.043,0.368,-0.653,-0.783,0.038,-1.249,"Norte"
78,-1.145,-2.253,-2.071,-0.582,-1.126,-1.202,-1.832,"Norte"
79,0.982,1.407,1.263,0.885,1.23,0.949,1.092,"Norte"
80,-0.884,-0.594,0.277,0.933,-0.949,0.026,0.625,"Norte"
81,-1.837,-3.206,-2.224,-1.025,0.032,-0.908,-1.615,"Norte"
82,1.107,-0.202,0.169,0.456,0.451,0.041,0.62,"Norte"
83,0.356,0.837,-0.133,-0.53,-0.063,-0.432,-0.071,"Norte"
84,0.054,0.204,1.245,-0.591,0.809,-0.088,0.203,"Norte"
85,0.569,0.143,0.339,0.12,0.14,0.512,-0.947,"Norte"
86,1.059,0.029,0.53,0.833,-0.761,0.911,-0.403,"Norte"
87,-0.107,-0.946,-1.296,0.053,-0.946,-0.218,-1.751,"Norte"
88,1.77,2.06,1.221,1.805,1.139,-0.507,1.69,"Norte"
89,-0.237,-0.549,-1.25,-2.031,-1.136,0.258,-0.605,"Norte"
90,2.115,1.141,1.265,0.306,0.184,0.26,2.335,"Norte"
91,0.83,0.814,0.404,0.027,-0.276,-1.266,0.618,"Norte"
92,-1.155,-0.634,0.244,0.085,-0.13,0.295,-0.066,"Norte"
93,0.253,0.175,0.501,0.222,-0.099,-0.008,0.343,"Norte"
94,-0.69,-1.841,0.482,-1.312,-1.266,0.604,-1.303,"Norte"
95,-1.794,-1.282,-1.033,-0.437,-0.277,-0.255,0.855,"Norte"
96,0.718,0.25,0.512,-0.273,-0.506,0.088,-1.604,"Norte"
97,-0.96,-0.386,-1.018,-1.648,0.222,-0.857,-0.778,"Norte"
98,-0.876,0.116,-0.739,-0.355,0.532,-0.759,-1.591,"Norte"
99,-1.347,-1.579,-0.43,-1.412,-0.163,0.688,0.072,"Norte"
100,-1.545,-0.63,-1.565,-1.06,-0.673,0.198,-0.715,"Norte"
101,2.214,0.654,0.558,2.011,0.998,-0.141,0.195,"Norte"
102,0.534,0.376,0.394,-0.457,0.325,-0.335,-0.262,"Norte"
103,0.486,0.099,1.109,-0.145,-0.977,0.284,0.905,"Norte"
104,0.55,0.66,0.622,0.468,0.09,0.983,1.336,"Norte"
105,-0.551,-0.483,0.115,0.612,0.462,-0.113,-0.187,"Norte"
106,0.806,0.105,-0.808,0.82,0.034,0.158,1.451,"Norte"
107,-1.137,-1.553,-0.926,-1.947,-1.068,-1.625,-1.228,"Norte"
108,0.013,1.35,0.277,-0.026,0.583,-0.814,0.469,"Norte"
109,-0.17,-0.099,0.007,-0.237,0.552,0.149,-0.019,"Norte"
110,0.236,0.993,0.706,0.551,-1.244,2.345,0.665,"Norte"
111,1.044,1.53,1.852,1.463,-0.093,-0.707,0.774,"Norte"
112,0.41,1.187,0.033,0.058,-0.816,0.247,-0.152,"Norte"
113,1.07,0.789,0.819,0.522,1.695,0.557,1.817,"Norte"
114,0.573,-1.99,-0.64,-0.949,-1.303,-0.902,-0.316,"Norte"
115,0.34,-0.062,0.086,-0.892,0.104,-0.762,-0.322,"Norte"
116,1.04,1.959,1.17,0.19,0.718,-0.315,0.014,"Norte"
117,0.413,-1.324,-0.594,-0.142,-1.073,0.008,-0.169,"Norte"
118,-1.488,-0.521,-0.948,-1.039,0.035,1.187,-1.885,"Norte"
119,1.022,1.333,0.679,0.857,1.231,-2.143,-0.765,"Norte"
120,-0.61,0.408,-0.636,-0.938,-0.462,-1.417,0.78,"Norte"
121,-0.091,0.268,0.253,0.23,-0.261,0.552,1.407,"Norte"
122,-1.425,-0.435,0.16,-0.439,-0.516,-0.193,-0.114,"Norte"
123,-0.095,-2.655,0.026,0.159,-0.456,-0.941,-0.484,"Norte"
124,2.025,1.875,1.238,1.39,-0.42,0.316,0.493,"Norte"
125,-0.302,-1.441,-0.715,-0.902,0.858,-0.227,1.107,"Norte"
126,-0.192,0.414,0.192,-0.631,-0.039,0.097,1.446,"Norte"
127,-0.349,0.529,1.295,0.591,1.218,-0.647,0.577,"Norte"
128,0.725,-0.01,0.092,-0.862,-0.111,-0.235,0.544,"Norte"
129,-0.278,-1.057,-0.577,-0.824,-0.091,-0.37,-0.501,"Norte"
130,-1.637,-2.862,-1.874,-1.652,-0.576,-0.783,-1.858,"Norte"
131,-0.706,-0.499,-0.235,0.777,-0.312,0.434,-0.464,"Norte"
132,-1.136,-0.906,-0.206,-1.11,0.105,0.054,-0.383,"Norte"
133,0.149,-1.488,0.367,0.621,-0.634,0.506,1.535,"Norte"
134,-0.885,-0.714,-1.13,-0.735,-0.295,0.237,-0.459,"Norte"
135,0.084,0.327,-0.451,0.136,0.086,0.389,-1.059,"Norte"
136,-0.007,0.45,0.41,0.074,-0.215,-0.352,0.729,"Norte"
137,-0.132,0.289,0.036,0.617,-0.203,-0.598,0.547,"Norte"
138,-0.252,-0.031,-1.58,-0.812,-1.66,-0.003,-1.085,"Norte"
139,0.037,-0.372,-1.871,-0.788,0.432,0.181,-0.435,"Norte"
140,1.597,0.268,0.231,0.894,0.792,-0.083,-0.309,"Norte"
141,-0.198,-0.991,-1.572,-0.039,-1.568,-0.073,-0.676,"Norte"
142,1.138,1.092,0.462,1.135,0.616,0.427,1.137,"Norte"
143,-1.126,-0.23,0.399,-0.387,0.286,-0.95,-1.299,"Norte"
144,1.351,-0.278,0.96,-0.785,-0.43,1.245,-0.349,"Norte"
145,0.113,-0.417,-0.665,0.718,0.019,-1.287,0.885,"Norte"
146,-1.157,0.3,0.503,0.19,-0.889,-0.197,-0.83,"Norte"
147,0.86,1.171,1.93,1.224,-0.085,-0.039,0.845,"Norte"
148,-0.083,-0.327,0.127,-0.081,-0.67,0.18,-1.301,"Norte"
149,2.177,1.591,1.821,1.675,0.847,1.235,0.751,"Norte"
150,-0.269,0.41,0.854,0.205,0.894,0.476,1.044,"Norte"
151,-0.343,-0.457,-1.232,-0.83,-0.001,-0.612,-1.256,"Norte"
152,-1.031,-1.088,-1.019,-0.284,-1.392,-0.917,-0.942,"Norte"
153,1.834,0.942,1.276,0.938,0.74,1.025,0.96,"Norte"
154,0.293,0.317,0.576,-0.022,0.172,1.124,-0.889,"Norte"
155,0.053,0.949,0.519,0.547,0.7,0.907,2.079,"Norte"
156,0.936,0.753,0.731,-0.297,0.44,0,1.314,"Norte"
157,0.645,1.172,0.555,0.513,1.924,-0.102,0.993,"Norte"
158,0.389,0.671,-0.001,0.214,-0.096,-1.005,-0.273,"Norte"
159,0.311,-0.814,-0.38,-0.375,-0.583,1.338,0.324,"Norte"
160,-3.075,-1.479,-1.501,-1.291,-1.356,-1.743,-0.605,"Norte"
161,-0.33,-0.379,0.226,-0.641,-0.48,-0.45,-0.539,"Norte"
162,0.155,-0.095,-0.27,-0.545,0.238,0.627,-0.591,"Norte"
163,0.237,0.245,0.357,0.355,-0.366,1.097,0.54,"Norte"
164,0.454,-0.246,-0.561,-0.163,0.181,-0.316,-1.196,"Norte"
165,-0.536,-0.296,-0.062,-0.985,-0.344,0.736,-0.589,"Norte"
166,1.394,0.294,0.408,0.582,0.801,0.281,0.168,"Norte"
167,0.783,-0.577,1.25,0.226,-0.755,-0.406,1.748,"Norte"
168,-0.623,-0.896,-0.897,0.076,-0.093,0.047,2.057,"Norte"
169,0.138,-0.439,0.102,0.14,0.083,0.037,0.605,"Norte"
170,0.027,0.209,0.5,0.322,0.669,-0.338,0.503,"Norte"
171,0.274,0.236,-0.328,0.021,0.995,0.892,-0.895,"Norte"
172,-0.129,-0.688,-1.879,-1.296,-0.455,0.337,0.55,"Norte"
173,-0.036,-0.95,-1.637,-1.297,-0.611,0.035,-0.535,"Norte"
174,0.503,0.089,0.884,0.923,-0.315,-0.244,0.302,"Norte"
175,-0.833,-1.247,-0.453,-0.758,-1.064,-0.176,-0.352,"Norte"
176,-0.828,-1.608,-0.464,-1.142,0.037,0.339,-0.424,"Norte"
177,-0.08,0.25,-1.15,0.143,0.582,-0.082,-0.449,"Norte"
178,0.294,0.005,-0.186,-0.964,-0.073,-0.108,0.455,"Norte"
179,-0.936,-2.012,-0.709,-2.197,-0.844,-0.544,-0.538,"Norte"
180,-1.259,-0.611,-0.645,0.895,-0.965,-0.666,-1.192,"Norte"
181,1.817,1.636,1.38,1.132,-0.1,-0.36,1.95,"Norte"
182,-1.051,0.287,-1.083,-0.199,0.76,-0.296,-2.587,"Norte"
183,0.484,0.548,0.519,-0.606,-0.243,-1.114,-0.012,"Norte"
184,-1.189,-0.139,-1.08,-0.632,0.359,-1.261,-1.741,"Norte"
185,-0.116,-0.285,-0.58,-1.47,0.279,0.522,0.46,"Norte"
186,0.31,-1.072,-1.11,-0.651,0.414,-0.221,-0.351,"Norte"
187,0.589,-0.257,0.558,1.542,0.393,-0.529,-1.392,"Norte"
188,-1.462,-0.176,-0.516,-0.871,0.076,-0.328,-0.525,"Norte"
189,-0.104,-0.044,-0.651,0.1,-0.129,-0.216,-0.415,"Norte"
190,-1.914,-1.662,-1.819,-1.07,-0.428,-0.113,-0.899,"Norte"
191,3.941,1.538,2.461,1.853,0.637,0.354,2.093,"Norte"
192,1.305,0.129,1.175,0.924,0.585,0.768,0.293,"Norte"
193,-0.322,-0.296,0.087,0.316,-0.261,0.113,-0.753,"Norte"
194,-2.501,-2.367,-1.495,-0.602,-1.604,0.035,-0.604,"Norte"
195,-0.049,0.382,0.994,-0.645,-0.371,-0.243,0.472,"Norte"
196,1.21,0.189,0.453,0.728,1.252,0.231,-0.237,"Norte"
197,-1.185,-1.083,-1.401,-0.857,-0.504,-0.272,-1.651,"Norte"
198,0.378,-0.327,-0.016,0.72,-0.562,-0.563,-0.638,"Norte"
199,-0.288,-0.205,-0.031,0.093,-0.299,0.243,-0.449,"Norte"
200,0.571,-0.173,-0.264,0.969,-0.346,-0.073,-0.03,"Norte"
201,-0.636,0.164,-0.999,-0.166,1.058,-0.506,0.145,"Norte"
202,-0.306,0.135,-0.443,-0.665,0.671,-0.532,0.977,"Norte"
203,0.207,-1.292,-0.638,-0.495,-0.471,0.211,0.893,"Norte"
204,-0.776,-0.407,-0.281,0.274,0.085,-0.089,0.305,"Norte"
205,1.724,0.332,0.449,-0.551,0.202,0.282,-0.135,"Norte"
206,-0.034,-0.316,0.163,-0.696,0.185,0.05,0.06,"Norte"
207,0.289,0.269,0.908,-0.299,0.775,-0.901,0.815,"Norte"
208,-1.905,-0.938,0.372,-0.909,-0.048,-0.246,-0.231,"Norte"
209,0.331,-0.54,-2.301,-0.826,-0.201,-0.579,-0.658,"Norte"
210,-0.058,-0.005,-0.442,-0.232,-0.159,0.251,-0.813,"Norte"
211,-0.255,0.481,-0.32,0.771,0.477,0.26,1.778,"Norte"
212,1.081,0.806,1.429,1.381,-0.332,-0.444,-0.579,"Norte"
213,-1.026,-0.492,-0.93,0.709,-0.318,-0.558,-1.29,"Norte"
214,-0.94,-1.073,-0.882,-0.554,-0.001,-0.717,-1.057,"Norte"
215,-1.85,-0.78,-2.801,-0.87,1.038,0.149,-1.273,"Norte"
216,-1.07,-0.736,0.256,-0.638,-1.165,0.069,-0.539,"Norte"
217,0.002,-0.741,-0.41,-0.108,-0.001,-0.19,0.737,"Norte"
218,-2.022,-1.727,-2.13,-1.086,-1.01,0.02,-1.442,"Norte"
219,1.717,0.743,1.679,1.579,1.877,0.82,0.774,"Norte"
220,0.614,-0.145,-0.725,1.275,0.448,-0.571,0.805,"Norte"
221,0.744,1.28,-0.005,0.974,-0.32,0.778,0.545,"Norte"
222,0.346,-0.767,-0.191,-0.818,0.385,-0.266,-0.246,"Norte"
223,0.893,0.482,0.27,-0.364,0.738,0.732,-0.24,"Norte"
224,-0.19,0.661,0.853,-0.495,-0.322,0.132,0.263,"Norte"
225,0.731,0.682,0.919,0.139,-0.126,0.433,-0.222,"Norte"
226,-0.453,-0.793,-0.022,0.062,0.062,-0.634,0.376,"Norte"
227,-0.077,1.135,1.087,1.92,0.832,0.266,1.386,"Norte"
228,0.903,-1.114,-0.037,0.49,-0.331,0.065,0.332,"Norte"
229,0.286,0.161,-0.472,-1.647,0.022,0.519,2.076,"Norte"
230,-1.269,-0.909,-0.321,-0.231,-0.471,0.226,-1.21,"Norte"
231,-0.372,0.435,-0.037,-0.113,-0.5,0.11,0.017,"Norte"
232,2.109,1.953,0.406,0.773,1.085,1.384,0.969,"Norte"
233,-1.065,-1.828,-0.814,-0.637,-0.841,-0.588,-0.932,"Norte"
234,-0.048,0.318,-0.466,-0.157,-0.344,0.025,0.424,"Norte"
235,0.962,-0.911,-0.561,0.961,-0.068,-0.675,0.971,"Norte"
236,-0.171,0.023,0.837,1.155,-0.721,0.146,-0.178,"Norte"
237,-0.734,1.125,-0.705,0.748,-0.01,-0.911,-0.841,"Norte"
238,-1.134,0.157,0.129,-0.701,-0.009,-0.241,-0.495,"Norte"
239,-0.422,-2.214,-0.416,-0.475,0.191,0.464,-1.311,"Norte"
240,-0.326,-1.404,-0.257,-0.714,0.445,-0.398,-0.282,"Norte"
241,-1.14,-1.739,-0.03,-1.35,-0.172,-0.086,-0.511,"Norte"
242,0.309,1.11,1.141,1.342,0.79,0.201,-0.429,"Norte"
243,2.679,1.636,2.044,1.241,0.96,0.341,0.71,"Norte"
244,-1.164,-1.536,-1.593,-1.371,-0.196,-0.818,-1.757,"Norte"
245,-1.517,-0.788,-0.854,-0.72,-0.93,-0.736,-0.517,"Norte"
246,0.052,1.233,0.446,0.007,0.2,-0.504,0.223,"Norte"
247,0.045,0.369,1.462,0.223,0.228,0.439,0.993,"Norte"
248,0.562,1.368,0.915,-0.27,0.842,1.868,-0.269,"Norte"
249,-0.267,-0.096,-0.31,1.18,0.705,-0.017,-1.124,"Norte"
250,-0.046,0.596,-0.333,0.082,-0.143,-0.059,2.124,"Norte"
251,0.061,0.272,0.5,0.339,0.39,0.19,1.83,"Norte"
252,0.57,0.277,-0.46,-0.337,1.179,-0.051,1.386,"Norte"
253,1.393,2.283,1.512,1.243,0.586,0.81,1.228,"Norte"
254,-0.434,-0.239,0.894,-0.472,0.238,-0.524,-0.104,"Norte"
255,1.35,-0.193,-0.259,0.516,0.821,0.286,0.701,"Norte"
256,0.21,0.488,1.012,0.724,1.131,0.077,-0.404,"Norte"
257,-1.902,-1.114,-0.914,-0.71,-1.1,-1.08,0.241,"Norte"
258,-0.527,-0.954,0.23,-0.018,-0.194,0.061,0.156,"Norte"
259,-0.05,0.109,0.609,-0.753,1.246,0.503,0.43,"Norte"
260,-0.906,-0.573,0.89,0.835,0.161,0.092,-0.826,"Norte"
261,1.295,0.058,1.233,0.295,1.117,-0.82,2.69,"Norte"
262,1.124,1.146,1.662,2.125,0.544,0.636,2.845,"Norte"
263,0.462,-0.411,-0.925,-0.141,0.677,0.695,0.694,"Norte"
264,-0.335,-0.192,-0.005,0.948,0.68,0.163,0.286,"Norte"
265,-0.024,-1.65,-0.422,-0.866,-0.201,-0.316,-0.415,"Norte"
266,-1.046,-0.429,-1.105,-1.47,0.434,-0.441,-1.356,"Norte"
267,-0.872,1.263,-1.048,-0.195,-0.138,-0.876,1.322,"Norte"
268,-0.043,0.015,-0.789,-0.29,-0.086,-0.172,-0.38,"Norte"
269,-0.351,0.513,0.027,0.138,-0.238,-0.458,0.266,"Norte"
270,2.298,0.126,0.971,1.05,0.889,0.574,-0.349,"Norte"
271,-0.049,1.409,0.024,0.881,0.071,1.063,0.263,"Norte"
272,0.479,1.19,0.015,-0.137,0.583,-0.348,-0.721,"Norte"
273,-0.754,-0.672,-0.401,-0.707,-1.001,0.142,-0.877,"Norte"
274,-0.56,-1.302,-0.319,-0.646,-0.072,-1.182,-1.925,"Norte"
275,-0.188,0.306,-0.383,0.125,0.472,-0.935,1.162,"Norte"
276,0.16,0.478,0.7,-0.207,0.38,-0.683,1.584,"Norte"
277,0.267,0.294,0.979,0.475,-0.071,-0.655,-0.547,"Norte"
278,-1.292,-1.57,-0.8,-1.479,-0.69,0.511,-1.05,"Norte"
279,2.725,1.748,1.593,1.41,0.088,0.336,1.084,"Norte"
280,0.877,1.139,0.435,0.05,0.108,0.849,1.035,"Norte"
281,-2.193,-1.077,0.68,-0.413,0.031,0.32,-0.128,"Norte"
282,1.417,1.258,1.138,0.604,1.051,1.017,0.692,"Norte"
283,0.149,0.394,0.356,0.729,1.637,-0.533,0.516,"Norte"
284,1.063,1.835,1.142,1.807,1.335,0.637,0.436,"Norte"
285,0.443,1.592,0.969,0.695,-0.159,-0.731,1.045,"Norte"
286,-1.032,-3.127,-1.941,-0.554,-1.9,-0.437,-0.71,"Norte"
287,0.228,0.45,-0.218,0.252,0.067,-0.418,0.859,"Norte"
288,-0.784,1.29,0.962,1.137,-0.4,-0.02,0.47,"Norte"
289,-2.087,0.358,-0.978,-1.251,-0.852,-0.899,-1.496,"Norte"
290,1.34,0.801,1.59,1.391,-0.315,-0.075,2.069,"Norte"
291,-0.073,-0.074,0.268,0.584,0.061,0.003,-0.01,"Norte"
292,-0.87,0.806,-0.306,0.188,-0.468,-0.429,-0.565,"Norte"
293,-0.387,0.725,-1.639,-0.498,0.215,1.303,0.476,"Norte"
294,-1.36,-0.485,-0.566,-1.618,-1.197,1.263,-1.31,"Norte"
295,-0.063,-0.986,0.017,0.437,0.262,-0.349,0.69,"Norte"
296,2.258,2.51,1.603,1.713,1.556,0.628,2.018,"Norte"
297,1.709,0.391,0.751,-0.148,0.801,0.111,1.837,"Norte"
298,-0.725,0.236,0.033,0.62,-0.32,0.038,-0.906,"Norte"
299,-1.002,-0.994,-0.27,-0.691,0.562,0.112,1.347,"Norte"
300,-1.642,-1.195,-1.715,-1.672,-0.476,0.488,-0.832,"Norte"
301,-1.04,-0.151,-1.107,-0.861,-0.457,-0.012,-0.008,"Sur"
302,-0.544,-1.451,-1.548,-0.423,0.275,0.62,-0.26,"Sur"
303,-0.155,-0.324,-0.086,0.476,0.572,-1.13,0.103,"Sur"
304,0.28,-1.085,-0.991,-0.328,-0.388,1.307,0.032,"Sur"
305,0.227,1.411,1.451,0.896,0.153,0.32,-0.028,"Sur"
306,0.951,0.378,0.839,0.411,-0.445,-1.039,0.211,"Sur"
307,-0.128,0.297,-0.588,0.557,-1.018,-0.374,0.038,"Sur"
308,0.688,0.143,-0.13,-0.245,0.135,1.421,-0.257,"Sur"
309,-0.635,0.132,-0.293,0.168,0.884,-0.391,-0.282,"Sur"
310,-0.101,-0.528,-0.037,-0.2,0.352,0.048,0.458,"Sur"
311,-0.509,-0.425,-0.616,0.014,0.305,0.645,1.552,"Sur"
312,0.003,0.408,0.355,0.906,1.04,0.219,0.186,"Sur"
313,-1.169,-0.456,0.262,-0.697,-0.05,-0.458,-0.067,"Sur"
314,-0.41,-0.078,1.064,-1.155,-0.564,-0.063,0.311,"Sur"
315,1.962,0.79,1.238,-0.393,-0.17,0.389,1.739,"Sur"
316,2.272,-0.013,1.046,0.223,0.861,0.489,-1.403,"Sur"
317,-0.966,0.125,-0.902,-0.172,0.062,-0.206,-1.542,"Sur"
318,0.593,-0.052,-1.047,-0.565,-0.606,0.073,0.232,"Sur"
319,-0.225,-0.086,-0.274,-0.561,-0.249,-0.106,0.943,"Sur"
320,0.757,0.049,1.643,0.888,-0.256,-0.009,1.066,"Sur"
321,0.33,-0.013,0.284,0.53,-0.602,0.002,-0.246,"Sur"
322,0.08,-0.254,-0.139,0.3,-0.651,0.604,-0.414,"Sur"
323,0.938,0.289,0.144,0.276,-0.093,1.317,0.797,"Sur"
324,0.217,0.416,-1.072,0.92,-0.141,0.146,0.806,"Sur"
325,2.081,-0.154,-0.041,-0.606,0.152,-0.283,1.127,"Sur"
326,-0.191,-1.152,-0.645,-0.583,-0.142,1.215,-0.722,"Sur"
327,-0.818,-0.957,0.347,0.656,-0.172,-0.975,-0.372,"Sur"
328,1.071,0.609,0.479,-0.743,-0.956,0.304,0.966,"Sur"
329,-0.442,0.607,-1.234,-1.43,-0.673,1.236,0.89,"Sur"
330,-1.124,-0.474,-1.323,-1.014,0.42,0.636,-1.34,"Sur"
331,-0.081,1.199,0.814,0.143,-1.07,0.535,-0.18,"Sur"
332,1.111,1.386,0.132,1.37,-0.848,0.337,-0.809,"Sur"
333,-0.334,0.32,0.014,0.409,0.103,0.343,-1.528,"Sur"
334,-1.31,-0.395,-0.542,0.257,-0.32,-0.425,-0.746,"Sur"
335,0.197,-0.498,0.715,0.374,-0.594,0.132,-0.483,"Sur"
336,0.082,-0.855,0.79,0.299,-0.435,-0.86,0.049,"Sur"
337,-0.051,-0.561,0.6,-0.608,-0.662,0.556,0.913,"Sur"
338,0.127,-0.575,-0.028,-0.436,0.319,0.992,0.092,"Sur"
339,0.065,-0.409,-0.616,-1.465,0.513,-0.32,-1.559,"Sur"
340,0.907,1.18,0.565,-0.438,-0.312,0.203,-0.602,"Sur"
341,1.776,0.264,-0.019,-0.58,0.323,1.413,-0.887,"Sur"
342,-0.486,0.025,-0.759,1.056,-0.676,0.077,1.249,"Sur"
343,0.038,-0.823,-0.341,1.174,-1.182,-0.479,0.121,"Sur"
344,-0.861,-1.24,-1.623,-1.088,0.266,0.091,-0.539,"Sur"
345,0.334,-0.959,0.167,-0.676,-0.736,-0.726,-0.962,"Sur"
346,-0.766,-1.115,-0.093,-1.016,-0.669,-1.556,-0.162,"Sur"
347,0.358,1.19,0.472,0.865,0.167,0.323,2.059,"Sur"
348,-0.465,-0.287,0.78,0.041,-0.089,-1.172,-0.16,"Sur"
349,-1.192,-0.694,-0.871,-0.194,-0.63,0.785,0.228,"Sur"
350,0.526,0.141,-0.633,-0.38,-0.094,1.254,-0.023,"Sur"
351,-0.629,-0.695,0.368,0.266,0.817,-0.498,0.175,"Sur"
352,-0.456,0.52,-0.126,0.241,0.298,0.353,-0.814,"Sur"
353,0.556,1.259,0.823,-0.007,-0.102,-0.027,0.514,"Sur"
354,0.428,-0.215,-0.274,0.408,0.692,0.894,1.137,"Sur"
355,-1.17,-0.773,0.024,-0.394,0.06,0.659,-0.218,"Sur"
356,1.086,-0.168,-0.558,0.128,1.538,-0.253,-1.268,"Sur"
357,0.789,0.263,1.107,-0.098,0.937,0.34,0.501,"Sur"
358,0.524,1.715,0.327,-0.069,0.586,-0.188,1.58,"Sur"
359,1.359,1.319,0.431,1.355,0.664,-0.209,1.464,"Sur"
360,0.173,-0.046,-1.252,0.237,-0.576,0.632,0.272,"Sur"
361,0.275,-0.426,0.196,0.186,0.739,-0.111,0.511,"Sur"
362,0.359,-1.61,0.214,-0.222,0.422,-0.303,-1.063,"Sur"
363,-1.302,-1.076,-1.227,-1.149,0.6,-1.303,0.104,"Sur"
364,1.814,0.659,0.556,0.98,-0.886,-0.397,0.534,"Sur"
365,-0.272,-0.857,1.436,-0.659,-0.187,0.018,1.497,"Sur"
366,-0.045,-0.323,0.076,-0.078,-0.613,-1.056,0.049,"Sur"
367,-0.012,0.103,2.173,0.169,0.347,-0.309,1.292,"Sur"
368,-0.202,1.123,0.254,-1,-0.244,0.305,0.174,"Sur"
369,-0.527,-0.982,-0.861,-1.011,0.072,-0.105,-1.281,"Sur"
370,-0.393,-0.245,1.337,-0.692,-0.924,-0.141,-1.006,"Sur"
371,0.661,-0.756,0.917,0.219,-0.091,-0.079,2.222,"Sur"
372,-1.186,-0.172,0.511,0.485,-0.183,0.692,-0.476,"Sur"
373,0.941,0.04,1.072,0.23,1.125,-0.203,0.967,"Sur"
374,1.15,0.31,0.566,-1.045,0.346,0.304,-1.241,"Sur"
375,-0.488,0.999,-0.407,0.36,0.493,0.467,0.328,"Sur"
376,-1.653,-0.72,-0.419,-0.349,-0.776,-0.694,0.168,"Sur"
377,0.349,0.09,0.416,0.55,-0.082,0.163,0.307,"Sur"
378,0.211,-1.045,-0.324,0.469,-0.321,-0.301,1.09,"Sur"
379,-0.975,-0.741,-1.498,-0.12,0.872,0.167,-1.163,"Sur"
380,-1.481,-0.787,-0.273,0.112,1.419,0.227,-2.049,"Sur"
381,-0.022,1.548,-0.045,-0.87,0.592,0.776,-0.22,"Sur"
382,0.238,-0.128,0.157,-0.083,-0.68,1.12,0.456,"Sur"
383,-1.132,-0.132,-0.685,-1.932,-0.819,-0.554,-0.055,"Sur"
384,-0.154,0.501,-0.152,0.149,0.618,-0.24,-0.447,"Sur"
385,1.015,-0.457,1.007,-0.528,0.45,-0.088,0.559,"Sur"
386,0.513,-0.845,0.333,-0.237,0.719,1.235,0.572,"Sur"
387,0.139,0.119,0.301,-0.007,0.182,-0.229,-0.419,"Sur"
388,0.08,-0.171,0.908,-0.786,1.285,0.98,0.994,"Sur"
389,-0.491,0.32,-0.074,-0.747,0.616,-0.4,-0.99,"Sur"
390,1.657,0.332,-0.253,0.246,0.723,-0.732,0.673,"Sur"
391,-0.429,-0.249,0.938,0.323,0.342,0.819,-0.105,"Sur"
392,0.248,0.133,-0.2,0.26,0.796,-0.476,-0.035,"Sur"
393,-0.805,0.353,0.35,0.889,-0.173,0.286,0.409,"Sur"
394,-0.449,-0.454,0.933,0.633,-0.062,-0.351,0.346,"Sur"
395,0.687,1.989,0.998,1.496,1.286,-0.904,0.791,"Sur"
396,-0.608,0.719,-0.414,0.25,0.412,-0.59,-0.422,"Sur"
397,0.766,0.893,1.039,1.267,-0.661,0.022,0.373,"Sur"
398,-0.253,0.461,0.54,0.262,0.456,-0.067,-0.303,"Sur"
399,-0.335,0.019,-0.196,-0.002,-0.035,-0.262,-0.211,"Sur"
400,0.633,0.156,0.286,-0.722,-0.105,-0.445,1.313,"Sur"
401,0.557,0.026,0.941,0.197,0.629,-0.11,-0.397,"Sur"
402,0.171,-0.747,-0.823,-0.827,-0.731,-0.311,0.707,"Sur"
403,0.967,0.532,0.83,0.589,1.335,0.207,0.472,"Sur"
404,0.056,0.059,-0.839,-0.828,-0.88,0.557,0.594,"Sur"
405,0.796,-1.485,0.104,0.291,-1.227,0.154,-0.201,"Sur"
406,0.275,-0.456,-0.293,0.342,-0.608,0.464,0.416,"Sur"
407,-0.637,-0.386,-0.647,2.528,0.064,-0.191,0.856,"Sur"
408,-0.386,-0.743,-0.609,-1.193,-0.358,0.14,0.815,"Sur"
409,-0.215,1.804,0.307,-0.226,0.247,1.461,-1,"Sur"
410,-0.22,0.83,0.456,0.484,-0.561,1.545,-1.116,"Sur"
411,0.316,-0.455,-0.525,0.567,-0.121,0.897,-0.646,"Sur"
412,0.545,-0.137,1.242,-0.057,0.196,0.205,-1.098,"Sur"
413,0.21,0.378,0.011,0.856,-0.838,-0.277,-0.743,"Sur"
414,-0.278,0.28,0.3,0.892,-0.023,0.879,1.731,"Sur"
415,0.035,1.202,0.026,-0.067,0.964,-0.088,0.761,"Sur"
416,0.896,0.316,0.279,-0.304,-0.777,-0.089,0.711,"Sur"
417,-0.058,0.141,-0.176,-0.266,-0.292,-0.831,-0.742,"Sur"
418,-1.022,0.689,-0.086,0.476,0.542,0.907,1.451,"Sur"
419,0.795,-0.379,0.185,-0.11,0.03,0.412,-0.062,"Sur"
420,0.005,-0.771,-1.084,-0.315,-0.633,0.489,0.414,"Sur"
421,0.473,-0.512,-0.259,-0.199,-0.183,-0.192,1.953,"Sur"
422,0.63,0.218,-0.218,0.085,0.46,0.461,-0.433,"Sur"
423,0.647,-0.344,0.183,0.911,-0.686,-0.945,0.59,"Sur"
424,0.964,0.764,-0.366,0.578,0.408,-0.089,0.14,"Sur"
425,0.023,0.003,-0.645,-0.277,0.203,-0.362,-0.378,"Sur"
426,-0.631,0.428,-0.505,-0.541,0.213,1.001,0.843,"Sur"
427,-0.039,0.65,0.016,0.116,-0.128,-0.21,-1.041,"Sur"
428,0.488,-0.756,1.384,0.837,-0.379,0.095,0.091,"Sur"
429,0.213,-0.008,0.282,0.014,0.459,-0.595,-0.622,"Sur"
430,-1.132,-0.74,-0.368,-0.792,0.233,0.071,0.069,"Sur"
431,0.023,0.285,-0.489,0.121,-0.551,-0.331,0.037,"Sur"
432,0.015,-0.164,0.407,-0.719,-1.333,0.327,-0.811,"Sur"
433,0.029,0.516,1.073,0.653,-0.203,0.657,0.087,"Sur"
434,1.29,0.365,-0.611,-0.646,0.48,-0.142,0.576,"Sur"
435,-1.217,-1.662,-1.314,-0.597,-0.892,0.12,0.555,"Sur"
436,-0.902,-0.412,-0.463,-1.084,-0.164,0.093,-1.779,"Sur"
437,-1.078,-1.505,0.476,-0.193,-0.823,-0.554,0.732,"Sur"
438,-1.331,-0.57,-1.359,-0.255,-0.453,-0.56,-0.884,"Sur"
439,-0.398,0.066,0.478,-0.051,-0.26,-0.096,-0.937,"Sur"
440,-1.267,-0.179,-0.494,-0.011,-0.726,-0.283,-1.205,"Sur"
441,-0.622,-0.346,-1.583,-0.602,-0.139,0.156,-1.48,"Sur"
442,0.465,-0.855,-0.501,-0.155,-0.076,0.158,0.797,"Sur"
443,-0.964,-1.365,-0.607,-0.961,-0.559,-0.822,0.838,"Sur"
444,0.181,-0.737,0.769,-0.475,1.775,1.061,1.032,"Sur"
445,0.914,-0.109,0.01,0.876,-0.297,0.59,-0.423,"Sur"
446,0.49,0.098,0.538,0.072,0.804,-0.047,-0.822,"Sur"
447,-1.395,-0.533,-0.255,-0.607,-0.241,0.113,1.154,"Sur"
448,-0.859,1.139,0.844,0.552,0.431,-0.111,-2.052,"Sur"
449,-1.01,0.461,-0.608,0.775,0.189,-0.06,-0.187,"Sur"
450,-0.175,-0.304,0.564,-0.24,-0.365,-0.023,-0.324,"Sur"
451,0.969,0.199,0.378,1.08,0.845,1.144,0.187,"Sur"
452,1.247,-0.111,1.372,-0.726,0.35,-0.154,-0.219,"Sur"
453,-1.635,-0.571,-1.114,-0.449,0.277,0.289,-1.122,"Sur"
454,-0.504,0.17,0.815,0.023,1.089,0.784,-1.094,"Sur"
455,-0.578,-0.417,0.211,-0.267,0.432,0.045,-0.697,"Sur"
456,-0.489,-0.1,0.266,0.382,-0.294,-1.424,-0.408,"Sur"
457,-0.584,-0.214,-0.017,-0.521,-0.745,0.166,0.356,"Sur"
458,-0.863,0.868,0.184,-0.413,-0.204,-0.813,0.857,"Sur"
459,0.469,-0.326,-0.027,-0.352,-1.059,0.862,1.017,"Sur"
460,0.48,0.289,-1.078,0.474,-0.295,-0.159,0.848,"Sur"
461,0.171,-0.061,0.712,-0.525,0.9,-0.382,-1.58,"Sur"
462,-0.386,-0.488,0.335,0.038,-0.165,-0.325,-0.533,"Sur"
463,0.513,-0.383,-0.058,0.326,0.009,-1.406,1.239,"Sur"
464,-0.037,1.4,0.003,-0.723,0.524,0.533,-1.34,"Sur"
465,-0.466,-0.051,-1.047,-0.797,-1.125,-0.785,-0.354,"Sur"
466,-0.878,-0.596,-0.216,-1.116,0.204,-0.45,-1.009,"Sur"
467,-0.927,-1.237,-0.893,-0.543,-0.133,-0.476,-0.42,"Sur"
468,-0.908,0.931,0.382,-1.196,-0.333,-0.903,0.055,"Sur"
469,0.048,-0.998,-0.252,-0.05,0.485,-1.025,-0.393,"Sur"
470,0.609,1.635,1.044,0.49,-0.718,0.824,-0.527,"Sur"
471,0.018,1.149,0.412,0.383,0.769,0.772,0.943,"Sur"
472,-0.863,0.438,0.174,0.633,-0.039,-0.496,-0.301,"Sur"
473,0.138,0.284,-1.07,-0.409,-0.161,0.281,0.081,"Sur"
474,0.301,-0.012,-0.444,-0.453,-0.185,0.131,-1.148,"Sur"
475,0.212,0.623,1.305,0.144,-0.542,0.089,-0.245,"Sur"
476,0.308,0.25,0.049,0.575,0.743,0.354,-1.025,"Sur"
477,-0.094,-0.173,-0.38,0.153,0.088,0.752,-0.057,"Sur"
478,0.406,-0.263,0.038,-0.462,0.287,0.689,-2.901,"Sur"
479,0.491,1.203,0.04,-1.21,-0.485,-0.875,0.262,"Sur"
480,0.81,-0.191,0.608,0.994,-0.568,0.633,-0.524,"Sur"
481,0.801,0.227,-0.326,-0.364,-0.114,-0.477,1.075,"Sur"
482,-0.404,-0.118,0.659,-0.074,0.173,-0.329,-0.468,"Sur"
483,-1.148,0.069,-0.523,-0.267,-0.697,-0.071,-1.63,"Sur"
484,-0.357,0.26,1.058,0.662,-0.376,-0.034,-0.128,"Sur"
485,-1.754,-0.067,0.296,1.029,-0.452,0.725,0.518,"Sur"
486,0.178,0.949,0.065,0.272,-0.669,0.129,-0.714,"Sur"
487,0.469,-0.521,-0.365,-0.446,-0.493,-0.392,0.408,"Sur"
488,0.71,0.275,0.757,1.468,0.735,-0.568,-1.019,"Sur"
489,-0.916,0.498,-0.223,0.304,0.835,0.566,0.619,"Sur"
490,0.411,0.587,-0.102,0.039,0.047,0.405,-1.669,"Sur"
491,0.468,1.936,1.101,0.857,0.139,0.779,-1.174,"Sur"
492,0.69,0.35,-0.283,-0.625,0.383,0.25,-0.284,"Sur"
493,0.004,-0.141,0.137,-0.487,-0.26,-0.468,-0.54,"Sur"
494,-1.394,-0.594,-0.807,-0.656,-0.574,0.761,-0.487,"Sur"
495,-0.147,1.226,-0.246,-0.45,0.232,-0.245,-0.705,"Sur"
496,-0.396,0.125,0.576,0.023,0.08,-0.609,-2.214,"Sur"
497,-0.19,-0.059,-0.457,0.286,0.476,0.25,0.047,"Sur"
498,0.464,-0.418,-0.233,-0.107,1.505,-0.858,-0.122,"Sur"
499,0.531,1.206,1.016,-0.845,0.309,0.627,0.223,"Sur"
500,-0.599,1.445,0.76,-0.691,-0.69,1.414,1.918,"Sur"
501,-1.817,0.035,-0.142,0.244,0.061,0.489,0.56,"Sur"
502,-0.113,-0.412,-0.188,-1.204,-0.816,1.376,-1.283,"Sur"
503,-0.369,0.533,-0.153,-0.989,-0.183,0.481,0.126,"Sur"
504,0.272,0.735,0.326,1.574,0.084,0.652,0.582,"Sur"
505,0.896,0.76,0.35,-0.306,0.62,-0.883,-0.665,"Sur"
506,-0.539,0.489,-0.512,0.646,0.399,0.782,0.722,"Sur"
507,0.375,-0.953,0.672,0.175,0.637,-0.728,0.419,"Sur"
508,-0.348,0.769,-0.306,0.49,-0.299,1.418,0.844,"Sur"
509,-1.744,-0.61,-0.392,0.586,-0.262,-0.361,0.418,"Sur"
510,1.119,-0.31,0.208,-0.334,0.3,-0.444,0.324,"Sur"
511,-0.333,1.407,-0.207,-0.142,-1.596,-0.805,0.277,"Sur"
512,-0.505,-0.578,0.204,-0.828,0.135,-0.581,0.357,"Sur"
513,-1.034,-0.082,0.449,1.005,0.933,0.924,0.207,"Sur"
514,-0.407,-0.639,0.379,0.119,1.347,-0.109,-0.677,"Sur"
515,-1.448,-0.099,-1.453,-0.468,-0.199,0.611,0.795,"Sur"
516,0.218,-0.085,0.553,-1.234,-0.022,-0.114,-0.462,"Sur"
517,0.246,-0.074,0.872,-0.9,0.267,-0.298,-0.154,"Sur"
518,0.805,0.585,0.343,0.063,0.342,-0.097,1.623,"Sur"
519,0.129,-0.713,-0.486,0.133,0.329,-1.011,0.687,"Sur"
520,-0.408,-0.405,1.966,-0.296,-0.665,-0.093,-0.901,"Sur"
521,-0.115,-0.067,-0.619,-0.045,-0.497,-0.234,-0.322,"Sur"
522,0.035,0.45,-0.091,0.205,0.13,0.174,0.674,"Sur"
523,0.658,-0.547,0.039,0.108,-0.325,0.221,1.185,"Sur"
524,0.547,-0.723,-0.202,0.407,0.143,0.015,-0.021,"Sur"
525,-0.862,-0.574,-0.393,0.048,0.355,0.311,-1.376,"Sur"
526,1.137,0.37,1.592,0.043,-0.146,0.386,1.316,"Sur"
527,-0.527,0.244,-0.137,0.09,0.279,0.269,1.206,"Sur"
528,0.013,1.287,0.209,-0.924,0.02,-0.857,-0.567,"Sur"
529,0.203,-0.792,-0.278,-0.355,0.302,0.623,1.907,"Sur"
530,-0.006,-0.464,-0.694,0.78,-0.314,-0.724,-0.653,"Sur"
531,-0.144,0.709,0.513,0.051,0.203,0.374,1.243,"Sur"
532,0.216,-0.436,0.306,0.689,-1.139,0.122,-0.58,"Sur"
533,0.644,0.865,0.982,-0.553,0.302,-0.005,0.615,"Sur"
534,0.074,-0.298,-0.087,0.712,-0.655,-0.918,-0.016,"Sur"
535,0.378,0.201,0.279,-0.131,-0.821,-0.589,-0.347,"Sur"
536,0.399,0.692,-0.257,0.897,-0.994,-0.039,-0.357,"Sur"
537,-0.635,-0.525,-1.003,0.305,0.408,-0.281,0.284,"Sur"
538,0.15,-0.045,-0.335,-0.274,-0.137,0.323,0.602,"Sur"
539,0.774,-0.296,0.379,-0.401,0.961,0.258,0.996,"Sur"
540,0.957,1.143,0.949,0.834,-0.405,0.004,0.669,"Sur"
541,0.158,0.214,0.963,-0.82,1.607,0.246,1.242,"Sur"
542,-0.424,-1.069,-0.973,-0.889,0.277,0.179,0.039,"Sur"
543,-1.011,-1.84,-1.372,-0.782,-0.671,0.08,-0.899,"Sur"
544,0.343,-0.753,1.216,0.358,0.396,-0.121,1.396,"Sur"
545,0.982,0.008,2.143,0.323,0.702,-0.027,0.337,"Sur"
546,0.581,0.563,0.148,-0.106,-0.031,0.987,-1.179,"Sur"
547,1.1,1.506,0.819,0.221,0.001,-0.366,0.518,"Sur"
548,0.413,0.375,0.026,-0.284,-0.314,-0.138,0.069,"Sur"
549,0.155,-0.213,-0.52,0.266,0.983,-0.232,1.715,"Sur"
550,-2.078,-1.436,-0.768,0.372,-0.755,0.222,0.214,"Sur"
551,0.206,-0.653,-0.323,0.158,-0.164,0.466,0.456,"Sur"
552,-0.232,-1.249,-0.615,-0.6,-1.201,1.039,-0.468,"Sur"
553,0.281,-0.371,0.621,0.846,-1.241,-0.562,-0.858,"Sur"
554,0.02,-0.089,-0.265,-1.23,0.686,0.652,-0.769,"Sur"
555,-0.989,-0.929,0.027,-0.467,0.483,-1.361,-0.645,"Sur"
556,-1.01,-1.029,-0.467,-1.067,0.547,0.353,0.116,"Sur"
557,0.025,1.35,0.621,0.414,-0.205,0.178,0.527,"Sur"
558,0.476,0.777,-0.615,1.191,-0.605,-1.456,1.286,"Sur"
559,-0.422,-0.37,-0.015,-0.199,-0.006,0.078,0.598,"Sur"
560,0.663,-0.033,0.043,0.188,0.119,-0.15,-0.452,"Sur"
561,0.779,1.38,0.035,0.567,0.2,0.52,0.267,"Sur"
562,0.636,1.238,0.684,1.692,-0.102,0.049,0.977,"Sur"
563,-0.178,-0.195,-0.857,0.117,-0.249,-0.253,-0.597,"Sur"
564,-0.255,0.642,-0.808,-0.344,0.127,-0.475,-0.498,"Sur"
565,0.033,-0.148,-0.955,-0.067,0.111,-0.418,-0.482,"Sur"
566,-1.176,-0.763,0.63,0.787,-0.45,-0.737,0.888,"Sur"
567,0.666,0.429,-0.806,0.129,0.894,-0.29,0.242,"Sur"
568,0.44,1.539,1.526,0.886,0.492,1.046,1.953,"Sur"
569,0.868,1.04,-0.283,0.39,-0.137,-0.478,2.079,"Sur"
570,-0.933,0.526,-0.697,-0.704,-1.734,0.023,0.39,"Sur"
571,0.305,0.755,-0.763,0.439,0.191,-0.064,-0.195,"Sur"
572,0.715,-0.21,-0.688,-0.823,-0.566,-0.086,-0.791,"Sur"
573,0.151,0.99,-1.048,-0.1,-0.272,-0.391,-0.176,"Sur"
574,0.437,0.208,0.244,0.17,-0.644,0.348,0.461,"Sur"
575,-1.731,-1.045,-0.834,0.052,-1.122,-0.248,0.83,"Sur"
576,0.286,0.444,0.032,0.371,0.118,0.706,0.568,"Sur"
577,1.331,-1.101,-0.17,-0.854,-0.194,-0.665,-0.743,"Sur"
578,0.817,0.988,1.042,0.645,-0.03,0.335,0.28,"Sur"
579,0.357,0.987,0.865,0.934,1.902,-0.615,1.036,"Sur"
580,1.202,1.348,0.342,-0.742,-0.111,-0.195,-0.435,"Sur"
581,-0.744,1.04,-0.138,-0.441,-0.178,0.169,-0.132,"Sur"
582,-0.981,-0.02,-0.868,-0.675,-0.415,-0.982,0.414,"Sur"
583,0.202,1.905,1.26,1.875,-0.129,-0.74,1.354,"Sur"
584,0.604,1.024,0.7,0.326,1.036,-0.039,0.349,"Sur"
585,-0.103,0.325,0.28,0.055,-0.028,-0.3,0.135,"Sur"
586,-0.407,-0.804,-0.338,-0.788,-0.236,0.443,-0.309,"Sur"
587,0.37,-0.059,1.292,-0.765,0.754,0.037,-1.265,"Sur"
588,-0.124,0.183,0.132,1.087,-0.228,0.136,0.564,"Sur"
589,1.386,0.334,-0.015,0.381,-1.082,0.62,1.418,"Sur"
590,0.505,-0.95,0.403,0.411,0.831,-0.823,-1.542,"Sur"
591,0.41,0.109,-1.222,0.957,0.192,0.518,1.612,"Sur"
592,1.508,-0.023,0.333,0.465,1.35,0.475,-0.21,"Sur"
593,-0.569,-1.323,-0.377,-1.162,-0.359,-0.126,0.137,"Sur"
594,0.266,-0.29,-1.061,-0.047,0.145,0.036,0.6,"Sur"
595,-0.414,0.142,-0.108,0.227,-0.577,-0.446,0.169,"Sur"
596,-0.307,-0.556,0.07,-0.511,-0.321,0.254,0.009,"Sur"
597,0.728,0.061,1.548,0.911,0.182,0.421,1.348,"Sur"
598,-0.414,-0.143,-0.772,-0.047,0.518,-0.128,-0.642,"Sur"
599,0,-1.64,-0.997,1.038,0.66,-0.172,-2.021,"Sur"
600,0.086,-0.935,-0.642,-0.223,0.166,0.793,-0.455,"Sur"
