"trimestre","verdadero","igae","pib","desempleo"
"2001T1",2.24,2.12,-0.15,0.12
"2001T2",2.73,5.27,3.79,-0.11
"2001T3",-4.43,-3.62,-2.85,1.44
"2001T4",6.74,8.47,8.64,-1.73
"2002T1",7.47,9.41,7.01,-1.9
"2002T2",2,-0.42,-1.02,-0.23
"2002T3",-0.18,-0.83,0.25,0.91
"2002T4",-2.29,-2.59,-1.43,1.27
"2003T1",2.5,4.42,0.3,-0.03
"2003T2",1.73,3.92,1.21,0.12
"2003T3",-1.99,-0.99,-3.6,1.05
"2003T4",4.92,3.24,4.56,-1.02
"2004T1",-1.5,-4.54,-1.64,0.77
"2004T2",-1.01,-0.24,-1.59,1.73
"2004T3",0.11,2.6,-0.16,0.43
"2004T4",1.53,2.29,2.77,-0.13
"2005T1",1.47,0.84,2.7,0.12
"2005T2",-1.08,-3.42,0.59,0.53
"2005T3",-1.37,-1.91,0.3,1.12
"2005T4",5.18,5.17,3.87,-0.74
"2006T1",2.93,1.72,0.47,-0.21
"2006T2",0.52,1.42,2.03,0.55
"2006T3",5.54,7.58,4.43,-1.12
"2006T4",1.42,2.39,2.58,0.01
"2007T1",4.24,4.3,5.51,-0.93
"2007T2",3.69,2.68,3.48,-0.78
"2007T3",2.27,5.71,2.53,0.49
"2007T4",2.1,2.81,1.48,-0.34
"2008T1",2.43,3.04,-1.36,0.18
"2008T2",-1.63,-2.3,-2.98,0.93
"2008T3",2.7,5.64,1.95,0
"2008T4",3.11,4.64,6.09,-0.26
"2009T1",-1.32,-0.99,-1.94,1.09
"2009T2",3.88,1.57,5.09,-0.5
"2009T3",-0.95,-1.12,0.38,0.74
"2009T4",2.66,4.05,5.84,-0.86
"2010T1",7.45,4.86,6.5,-1.68
"2010T2",-0.31,-0.16,-2.92,0.85
"2010T3",5.19,7.08,3.74,-1.06
"2010T4",0.48,0.82,0.42,0.26
"2011T1",0.52,-0.21,0.34,0.16
"2011T2",1.01,0.87,-0.15,0.44
"2011T3",8.48,9.46,7.53,-1.82
"2011T4",3.5,4.37,3.82,-0.31
"2012T1",2.38,1.25,0.72,0.21
"2012T2",3.05,3.16,0.28,0.06
"2012T3",1.44,0.09,-1.7,0.34
"2012T4",7.89,7.43,7.26,-1.47
"2013T1",-1.19,-0.87,0.04,0.64
"2013T2",1.34,0.93,1.53,0.03
"2013T3",0.26,1.33,3.79,0.37
"2013T4",-0.3,-1.16,1.98,0.49
"2014T1",1.91,2.65,1.1,0.28
"2014T2",1.9,3.02,2.99,-0.1
"2014T3",0.47,4,2.66,0.52
"2014T4",3.29,3.2,4.43,-0.7
"2015T1",3.05,1.49,-0.32,-0.44
"2015T2",1.12,2.35,-0.85,0.34
"2015T3",3.35,1.95,2.74,-0.57
"2015T4",0.05,0.85,-1.24,0.57
"2016T1",-0.79,-0.18,-1.63,1.03
"2016T2",6.72,7.12,7.39,-1.4
"2016T3",7.02,6.23,6.62,-1.86
"2016T4",1.48,3.93,1.29,0.45
"2017T1",-0.65,2.35,-0.56,1.07
"2017T2",3.83,1.67,3.25,-0.26
"2017T3",1.72,1.5,2.43,-0.2
"2017T4",2.11,3.19,3.31,-0.1
"2018T1",7.36,4.86,8.19,-1.8
"2018T2",2.36,2.88,2.09,-0.1
"2018T3",4.79,3.48,3.51,-0.88
"2018T4",-0.71,-0.31,0.25,1.07
"2019T1",-0.78,-0.58,-0.84,0.8
"2019T2",1.83,-0.49,0.02,-0.15
"2019T3",1.39,0.3,0.66,0.23
"2019T4",2.62,1.52,2.62,-0.12
"2020T1",6.5,4.11,7.35,-1.59
"2020T2",0.57,1.05,0.9,0.57
"2020T3",-1.06,-0.69,-3.92,0.57
"2020T4",7.1,7.58,6.16,-1.3
"2021T1",2.41,0.88,4.91,0
"2021T2",3.81,4.13,5.02,-0.62
"2021T3",-1.49,-2.13,-0.4,1.02
"2021T4",6.55,4.13,8.49,-1.16
"2022T1",2.23,3.43,1.46,0.18
"2022T2",-1.44,-0.84,-3.4,1.12
"2022T3",2.06,2.98,2.6,0.27
"2022T4",3.88,3.51,3.58,-0.43
"2023T1",4.87,3.76,3.74,-1.19
"2023T2",5.13,3.58,5.39,-0.64
"2023T3",0.34,1.1,1.23,0.28
"2023T4",2.85,3.28,1.35,-0.62
"2024T1",7.01,10.88,7.3,-1.62
"2024T2",0.64,2.63,1.93,0.11
"2024T3",4.65,3.32,2.91,-0.92
"2024T4",2.51,2.28,1.42,0.07
"2025T1",4.26,2.72,6.39,-0.49
"2025T2",-0.91,-0.24,0.47,1.39
"2025T3",1.85,3.37,4.19,-0.33
"2025T4",5.43,5.62,4.62,-1.54
